Ø,VIPER,HEAD,MAIN,IS,END,TAIL,FN_ID,L_PAREN,R_PAREN,SCOLON,IN,VAR_ID,OUT,LET,COLON,EQUALS,FOR,INT_LIT,L_BRC,R_BRC,WHILE,DO,IF,PLUSPLUS,SUBTSUBT,RET,VOID,COMMA,ARRAY,L_BRC,R_BRAC,EMP,GRTR_THAN,LESS_THAN,EQUAL_TO,NOTEQUAL,GRTR_THAN_OR_EQ,LESS_THAN_OR_EQ,AND ,OR,INT,CHAR,CHARS,REAL,BOOL,STR_LIT,CHAR_LIT,REAL_LIT,BOOL_LIT,ELSE,ELSEIF,RANGE,TO,DOWNTO,NOT,PLUS,MINUS,MULTI,INT_DIV,REAL_DIV,MOD,EXP,$
START,VIPER HEAD MAIN IS STMT END FUNCTION TAIL,Ø,Ø,Ø,Ø,Ø,Ø,Ø,Ø,Ø,Ø,Ø,Ø,Ø,Ø,Ø,Ø,Ø,Ø,Ø,Ø,Ø,Ø,Ø,Ø,Ø,Ø,Ø,Ø,Ø,Ø,Ø,Ø,Ø,Ø,Ø,Ø,Ø,Ø,Ø,Ø,Ø,Ø,Ø,Ø,Ø,Ø,Ø,Ø,Ø,Ø,Ø,Ø,Ø,Ø,Ø,Ø,Ø,Ø,Ø,Ø,Ø,Ø
STMT,Ø,Ø,Ø,Ø,Ø,Ø,FN_ID L_PAREN FN_ARG R_PAREN SCOLON STMTS,Ø,Ø,Ø,IN L_PAREN VAR_ID R_PAREN SCOLON STMTS,VAR_ID STMT2,OUT L_PAREN OUT_ARG R_PAREN SCOLON STMTS,LET VAR_ID COLON DATA_TYPE EQUALS LITERAL SCOLON STMTS,Ø,Ø,FOR L_PAREN VAR_ID EQUALS INT_LIT INC_DEC INT_LIT R_PAREN L_BRC STMT R_BRC STMTS,Ø,Ø,Ø,WHILE L_PAREN EXPR R_PAREN L_BRC STMT R_BRC STMTS,DO L_BRC STMT R_BRC WHILE L_PAREN EXPR R_PAREN SCOLON STMTS,IF L_PAREN EXPR R_PAREN L_BRC STMT R_BRC ELSE_PART STMTS,PLUSPLUS VAR_ID SCOLON STMTS,SUBTSUBT VAR_ID SCOLON STMTS,Ø,Ø,Ø,Ø,Ø,Ø,Ø,Ø,Ø,Ø,Ø,Ø,Ø,Ø,Ø,Ø,Ø,Ø,Ø,Ø,Ø,Ø,Ø,Ø,Ø,Ø,Ø,Ø,Ø,Ø,Ø,Ø,Ø,Ø,Ø,Ø,Ø,Ø
FUNCTION,Ø,Ø,Ø,Ø,Ø,*,FN_ID L_PAREN PARAM R_PAREN RET FN_RET IS STMT END FUNCTIONS,Ø,Ø,Ø,Ø,Ø,Ø,Ø,Ø,Ø,Ø,Ø,Ø,Ø,Ø,Ø,Ø,Ø,Ø,Ø,Ø,Ø,Ø,Ø,Ø,Ø,Ø,Ø,Ø,Ø,Ø,Ø,Ø,Ø,Ø,Ø,Ø,Ø,Ø,Ø,Ø,Ø,Ø,Ø,Ø,Ø,Ø,Ø,Ø,Ø,Ø,Ø,Ø,Ø,Ø,Ø,Ø
FUNCTIONS,Ø,Ø,Ø,Ø,Ø,*,FN_ID L_PAREN PARAM R_PAREN RET FN_RET IS STMT END FUNCTION,Ø,Ø,Ø,Ø,Ø,Ø,Ø,Ø,Ø,Ø,Ø,Ø,Ø,Ø,Ø,Ø,Ø,Ø,Ø,Ø,Ø,Ø,Ø,Ø,Ø,Ø,Ø,Ø,Ø,Ø,Ø,Ø,Ø,Ø,Ø,Ø,Ø,Ø,Ø,Ø,Ø,Ø,Ø,Ø,Ø,Ø,Ø,Ø,Ø,Ø,Ø,Ø,Ø,Ø,Ø,Ø
FN_RET,Ø,Ø,Ø,Ø,Ø,Ø,Ø,Ø,Ø,Ø,Ø,Ø,Ø,Ø,Ø,Ø,Ø,Ø,Ø,Ø,Ø,Ø,Ø,Ø,Ø,Ø,VOID,Ø,Ø,Ø,Ø,Ø,Ø,Ø,Ø,Ø,Ø,Ø,Ø,Ø,Ø,Ø,Ø,Ø,Ø,Ø,Ø,Ø,Ø,Ø,Ø,Ø,Ø,Ø,Ø,Ø,Ø,Ø,Ø,Ø,Ø,Ø,Ø
PARAM,Ø,Ø,Ø,Ø,Ø,Ø,Ø,Ø,*,Ø,Ø,VAR_ID COLON DATA_TYPE PARAMS,Ø,Ø,Ø,Ø,Ø,Ø,Ø,Ø,Ø,Ø,Ø,Ø,Ø,Ø,Ø,Ø,Ø,Ø,Ø,Ø,Ø,Ø,Ø,Ø,Ø,Ø,Ø,Ø,Ø,Ø,Ø,Ø,Ø,Ø,Ø,Ø,Ø,Ø,Ø,Ø,Ø,Ø,Ø,Ø,Ø,Ø,Ø,Ø,Ø,Ø,Ø
PARAMS,Ø,Ø,Ø,Ø,Ø,Ø,Ø,Ø,*,Ø,Ø,Ø,Ø,Ø,Ø,Ø,Ø,Ø,Ø,Ø,Ø,Ø,Ø,Ø,Ø,Ø,Ø,COMMA PARAM,Ø,Ø,Ø,Ø,Ø,Ø,Ø,Ø,Ø,Ø,Ø,Ø,Ø,Ø,Ø,Ø,Ø,Ø,Ø,Ø,Ø,Ø,Ø,Ø,Ø,Ø,Ø,Ø,Ø,Ø,Ø,Ø,Ø,Ø,Ø
STMT2,Ø,Ø,Ø,Ø,Ø,Ø,Ø,Ø,Ø,Ø,Ø,Ø,Ø,Ø,COLON DATA_TYPE STMT3,EQUALS STMT4,Ø,Ø,Ø,Ø,Ø,Ø,Ø,PLUSPLUS SCOLON STMTS,SUBTSUBT SCOLON STMTS,Ø,Ø,Ø,Ø,Ø,Ø,Ø,Ø,Ø,Ø,Ø,Ø,Ø,Ø,Ø,Ø,Ø,Ø,Ø,Ø,Ø,Ø,Ø,Ø,Ø,Ø,Ø,Ø,Ø,Ø,Ø,Ø,Ø,Ø,Ø,Ø,Ø,Ø
STMT3,Ø,Ø,Ø,Ø,Ø,Ø,Ø,Ø,Ø,SCOLON STMTS,Ø,Ø,Ø,Ø,Ø,EQUALS LITERAL SCOLON STMTS,Ø,Ø,Ø,Ø,Ø,Ø,Ø,Ø,Ø,Ø,Ø,Ø,ARRAY OPT_RANGE L_BRAC INT_LIT R_BRAC SCOLON STMTS,Ø,Ø,Ø,Ø,Ø,Ø,Ø,Ø,Ø,Ø,Ø,Ø,Ø,Ø,Ø,Ø,Ø,Ø,Ø,Ø,Ø,Ø,Ø,Ø,Ø,Ø,Ø,Ø,Ø,Ø,Ø,Ø,Ø,Ø
STMT4,Ø,Ø,Ø,Ø,Ø,Ø,FN_CALL STMTS,Ø,Ø,Ø,Ø,VAR_ID STMT5,Ø,Ø,Ø,Ø,Ø,LITERAL SCOLON STMTS,Ø,Ø,Ø,Ø,Ø,Ø,Ø,Ø,Ø,Ø,Ø,Ø,Ø,EMP SCOLON STMTS,Ø,Ø,Ø,Ø,Ø,Ø,Ø,Ø,Ø,Ø,Ø,Ø,Ø,LITERAL SCOLON STMTS,LITERAL SCOLON STMTS,LITERAL SCOLON STMTS,LITERAL SCOLON STMTS,Ø,Ø,Ø,Ø,Ø,Ø,Ø,Ø,Ø,Ø,Ø,Ø,Ø,Ø
STMT5,Ø,Ø,Ø,Ø,Ø,Ø,Ø,Ø,Ø,SCOLON STMTS ,Ø,Ø,Ø,Ø,Ø,Ø,Ø,Ø,Ø,Ø,Ø,Ø,Ø,Ø,Ø,Ø,Ø,Ø,Ø,Ø,Ø,Ø,GRTR_THAN EXPR SCOLON STMTS,LESS_THAN EXPR SCOLON STMTS,EQUAL_TO EXPR SCOLON STMTS,NOTEQUAL EXPR SCOLON STMTS,GRTR_THAN_OR_EQ EXPR SCOLON STMTS,LESS_THAN_OR_EQ EXPR SCOLON STMTS,AND EXPR SCOLON STMTS,OR EXPR SCOLON STMTS,Ø,Ø,Ø,Ø,Ø,Ø,Ø,Ø,Ø,Ø,Ø,Ø,Ø,Ø,Ø,AR_OP EXPR SCOLON STMTS,AR_OP EXPR SCOLON STMTS,AR_OP EXPR SCOLON STMTS,AR_OP EXPR SCOLON STMTS,AR_OP EXPR SCOLON STMTS,AR_OP EXPR SCOLON STMTS,AR_OP EXPR SCOLON STMTS,Ø
DATA_TYPE,Ø,Ø,Ø,Ø,Ø,Ø,Ø,Ø,Ø,Ø,Ø,Ø,Ø,Ø,Ø,Ø,Ø,Ø,Ø,Ø,Ø,Ø,Ø,Ø,Ø,Ø,Ø,Ø,Ø,Ø,Ø,Ø,Ø,Ø,Ø,Ø,Ø,Ø,Ø,Ø,INT,CHAR,CHARS,REAL,BOOL,Ø,Ø,Ø,Ø,Ø,Ø,Ø,Ø,Ø,Ø,Ø,Ø,Ø,Ø,Ø,Ø,Ø,Ø
LITERAL,Ø,Ø,Ø,Ø,Ø,Ø,Ø,Ø,Ø,Ø,Ø,Ø,Ø,Ø,Ø,Ø,Ø,INT_LIT,Ø,Ø,Ø,Ø,Ø,Ø,Ø,Ø,Ø,Ø,Ø,Ø,Ø,Ø,Ø,Ø,Ø,Ø,Ø,Ø,Ø,Ø,Ø,Ø,Ø,Ø,Ø,STR_LIT,CHAR_LIT,REAL_LIT,BOOL_LIT,Ø,Ø,Ø,Ø,Ø,Ø,Ø,Ø,Ø,Ø,Ø,Ø,Ø,Ø
ELSE_PART,Ø,Ø,Ø,Ø,*,Ø,*,Ø,Ø,Ø,*,*,*,*,Ø,Ø,*,Ø,Ø,*,*,*,*,*,*,Ø,Ø,Ø,Ø,Ø,Ø,Ø,Ø,Ø,Ø,Ø,Ø,Ø,Ø,Ø,Ø,Ø,Ø,Ø,Ø,Ø,Ø,Ø,Ø,ELSE L_BRC STMT R_BRC,ELSIF L_PAREN EXPR R_PAREN L_BRC STMT R_BRC ELSIF_PART,Ø,Ø,Ø,Ø,Ø,Ø,Ø,Ø,Ø,Ø,Ø,Ø
ELSIF_PART,Ø,Ø,Ø,Ø,ELSE_PART,Ø,ELSE_PART,Ø,Ø,Ø,ELSE_PART,ELSE_PART,ELSE_PART,ELSE_PART,Ø,Ø,ELSE_PART,Ø,Ø,ELSE_PART,ELSE_PART,ELSE_PART,ELSE_PART,ELSE_PART,ELSE_PART,Ø,Ø,Ø,Ø,Ø,Ø,Ø,Ø,Ø,Ø,Ø,Ø,Ø,Ø,Ø,Ø,Ø,Ø,Ø,Ø,Ø,Ø,Ø,Ø,ELSE_PART,ELSE_PART,Ø,Ø,Ø,Ø,Ø,Ø,Ø,Ø,Ø,Ø,Ø,Ø
OPT_RANGE,Ø,Ø,Ø,Ø,Ø,Ø,Ø,Ø,Ø,Ø,Ø,Ø,Ø,Ø,Ø,Ø,Ø,Ø,Ø,Ø,Ø,Ø,Ø,Ø,Ø,Ø,Ø,Ø,Ø,*,Ø,Ø,Ø,Ø,Ø,Ø,Ø,Ø,Ø,Ø,Ø,Ø,Ø,Ø,Ø,Ø,Ø,Ø,Ø,Ø,Ø,RANGE,Ø,Ø,Ø,Ø,Ø,Ø,Ø,Ø,Ø,Ø,Ø
INC_DEC,Ø,Ø,Ø,Ø,Ø,Ø,Ø,Ø,Ø,Ø,Ø,Ø,Ø,Ø,Ø,Ø,Ø,Ø,Ø,Ø,Ø,Ø,Ø,Ø,Ø,Ø,Ø,Ø,Ø,Ø,Ø,Ø,Ø,Ø,Ø,Ø,Ø,Ø,Ø,Ø,Ø,Ø,Ø,Ø,Ø,Ø,Ø,Ø,Ø,Ø,Ø,Ø,TO,DOWNTO,Ø,Ø,Ø,Ø,Ø,Ø,Ø,Ø,Ø
OUT_ARG,Ø,Ø,Ø,Ø,Ø,Ø,Ø,Ø,*,Ø,Ø,VAR_ID OUT_ARGS,Ø,Ø,Ø,Ø,Ø,Ø,Ø,Ø,Ø,Ø,Ø,Ø,Ø,Ø,Ø,Ø,Ø,Ø,Ø,Ø,Ø,Ø,Ø,Ø,Ø,Ø,Ø,Ø,Ø,Ø,Ø,Ø,Ø,STR_LIT OUT_ARGS,Ø,Ø,Ø,Ø,Ø,Ø,Ø,Ø,Ø,Ø,Ø,Ø,Ø,Ø,Ø,Ø,Ø
OUT_ARGS,Ø,Ø,Ø,Ø,Ø,Ø,Ø,Ø,*,Ø,Ø,Ø,Ø,Ø,Ø,Ø,Ø,Ø,Ø,Ø,Ø,Ø,Ø,Ø,Ø,Ø,Ø,COMMA VAR_ID OUT_ARG,Ø,Ø,Ø,Ø,Ø,Ø,Ø,Ø,Ø,Ø,Ø,Ø,Ø,Ø,Ø,Ø,Ø,Ø,Ø,Ø,Ø,Ø,Ø,Ø,Ø,Ø,Ø,Ø,Ø,Ø,Ø,Ø,Ø,Ø,Ø
FN_CALL,Ø,Ø,Ø,Ø,Ø,Ø,FN_ID L_PAREN FN_ARG R_PAREN SCOLON,Ø,Ø,Ø,Ø,Ø,Ø,Ø,Ø,Ø,Ø,Ø,Ø,Ø,Ø,Ø,Ø,Ø,Ø,Ø,Ø,Ø,Ø,Ø,Ø,Ø,Ø,Ø,Ø,Ø,Ø,Ø,Ø,Ø,Ø,Ø,Ø,Ø,Ø,Ø,Ø,Ø,Ø,Ø,Ø,Ø,Ø,Ø,Ø,Ø,Ø,Ø,Ø,Ø,Ø,Ø,Ø
FN_ARG,Ø,Ø,Ø,Ø,Ø,Ø,Ø,Ø,*,Ø,Ø,VAR_ID FN_ARGS,Ø,Ø,Ø,Ø,Ø,Ø,Ø,Ø,Ø,Ø,Ø,Ø,Ø,Ø,Ø,Ø,Ø,Ø,Ø,Ø,Ø,Ø,Ø,Ø,Ø,Ø,Ø,Ø,Ø,Ø,Ø,Ø,Ø,Ø,Ø,Ø,Ø,Ø,Ø,Ø,Ø,Ø,Ø,Ø,Ø,Ø,Ø,Ø,Ø,Ø,Ø
FN_ARGS,Ø,Ø,Ø,Ø,Ø,Ø,Ø,Ø,*,Ø,Ø,Ø,Ø,Ø,Ø,Ø,Ø,Ø,Ø,Ø,Ø,Ø,Ø,Ø,Ø,Ø,Ø,COMMA FN_ARG,Ø,Ø,Ø,Ø,Ø,Ø,Ø,Ø,Ø,Ø,Ø,Ø,Ø,Ø,Ø,Ø,Ø,Ø,Ø,Ø,Ø,Ø,Ø,Ø,Ø,Ø,Ø,Ø,Ø,Ø,Ø,Ø,Ø,Ø,Ø
STMTS,Ø,Ø,Ø,Ø,*,Ø,STMT,Ø,Ø,Ø,STMT,STMT,STMT,STMT,Ø,Ø,STMT,Ø,Ø,*,STMT,STMT,STMT,STMT,STMT,Ø,Ø,Ø,Ø,Ø,Ø,Ø,Ø,Ø,Ø,Ø,Ø,Ø,Ø,Ø,Ø,Ø,Ø,Ø,Ø,Ø,Ø,Ø,Ø,Ø,Ø,Ø,Ø,Ø,Ø,Ø,Ø,Ø,Ø,Ø,Ø,Ø,Ø
EXPR,Ø,Ø,Ø,Ø,Ø,Ø,Ø,L_PAREN EXPR_PART3,Ø,Ø,Ø,VAR_ID EXPR_PART1,Ø,Ø,Ø,Ø,Ø,INT_LIT EXPR_PART1,Ø,Ø,Ø,Ø,Ø,Ø,Ø,Ø,Ø,Ø,Ø,Ø,Ø,Ø,Ø,Ø,Ø,Ø,Ø,Ø,Ø,Ø,Ø,Ø,Ø,Ø,Ø,Ø,Ø,REAL_LIT EXPR_PART1,Ø,Ø,Ø,Ø,Ø,Ø,NOT EXPR_PART2,Ø,Ø,Ø,Ø,Ø,Ø,Ø,Ø
EXPR_PART3,Ø,Ø,Ø,Ø,Ø,Ø,Ø,EXPR R_PAREN,Ø,Ø,Ø,EXPR R_PAREN,Ø,Ø,Ø,Ø,Ø,EXPR R_PAREN,Ø,Ø,Ø,Ø,Ø,Ø,Ø,Ø,Ø,Ø,Ø,Ø,Ø,Ø,Ø,Ø,Ø,Ø,Ø,Ø,Ø,Ø,Ø,Ø,Ø,Ø,Ø,Ø,Ø,EXPR R_PAREN,Ø,Ø,Ø,Ø,Ø,Ø,EXPR R_PAREN,Ø,Ø,Ø,Ø,Ø,Ø,Ø,Ø
EXPR_PART2,Ø,Ø,Ø,Ø,Ø,Ø,Ø,L_PAREN BOOL_PART3,Ø,Ø,Ø,VAR_ID,Ø,Ø,Ø,Ø,Ø,INT_LIT,Ø,Ø,Ø,Ø,Ø,Ø,Ø,Ø,Ø,Ø,Ø,Ø,Ø,Ø,Ø,Ø,Ø,Ø,Ø,Ø,Ø,Ø,Ø,Ø,Ø,Ø,Ø,Ø,Ø,REAL_LIT,Ø,Ø,Ø,Ø,Ø,Ø,Ø,Ø,Ø,Ø,Ø,Ø,Ø,Ø,Ø
EXPR_PART1,Ø,Ø,Ø,Ø,Ø,Ø,Ø,Ø,*,*,Ø,Ø,Ø,Ø,Ø,Ø,Ø,Ø,Ø,Ø,Ø,Ø,Ø,Ø,Ø,Ø,Ø,Ø,Ø,Ø,Ø,Ø,GRTR_THAN EXPR,LESS_THAN EXPR,EQUAL_TO EXPR,NOTEQUAL EXPR,GRTR_THAN_OR_EQ EXPR,LESS_THAN_OR_EQ EXPR,AND EXPR, OR EXPR,Ø,Ø,Ø,Ø,Ø,Ø,Ø,Ø,Ø,Ø,Ø,Ø,Ø,Ø,Ø,AR_OP EXPR,AR_OP EXPR, AR_OP EXPR, AR_OP EXPR, AR_OP EXPR, AR_OP EXPR, AR_OP EXPR,Ø
AR_OP,Ø,Ø,Ø,Ø,Ø,Ø,Ø,Ø,Ø,Ø,Ø,Ø,Ø,Ø,Ø,Ø,Ø,Ø,Ø,Ø,Ø,Ø,Ø,Ø,Ø,Ø,Ø,Ø,Ø,Ø,Ø,Ø,Ø,Ø,Ø,Ø,Ø,Ø,Ø,Ø,Ø,Ø,Ø,Ø,Ø,Ø,Ø,Ø,Ø,Ø,Ø,Ø,Ø,Ø,Ø,PLUS,MINUS,MULTI,INT_DIV,REAL_DIV,MOD,EXP,Ø
FOR_ARG,Ø,Ø,Ø,Ø,Ø,Ø,Ø,Ø,Ø,Ø,Ø,VAR_ID,Ø,Ø,Ø,Ø,Ø,INT_LIT,Ø,Ø,Ø,Ø,Ø,Ø,Ø,Ø,Ø,Ø,Ø,Ø,Ø,Ø,Ø,Ø,Ø,Ø,Ø,Ø,Ø,Ø,Ø,Ø,Ø,Ø,Ø,Ø,Ø,REAL_LIT,Ø,Ø,Ø,Ø,Ø,Ø,Ø,Ø,Ø,Ø,Ø,Ø,Ø,Ø,Ø
